loss,grad_norm,learning_rate,num_tokens,completions/mean_length,completions/min_length,completions/max_length,completions/clipped_ratio,completions/mean_terminated_length,completions/min_terminated_length,completions/max_terminated_length,rewards/reward_func/mean,rewards/reward_func/std,reward,reward_std,frac_reward_zero_std,kl,entropy,clip_ratio/low_mean,clip_ratio/low_min,clip_ratio/high_mean,clip_ratio/high_max,clip_ratio/region_mean,step_time,epoch,step,train_runtime,train_samples_per_second,train_steps_per_second,total_flos,train_loss
0.0,1.7327316527371295e-05,8e-06,4532.0,591.0,591.0,591.0,0.0,591.0,591.0,591.0,0.5651199817657471,0.0,0.5651199817657471,0.0,1.0,7.327034423632028e-08,0.0018559794698376209,0.0,0.0,0.0,0.0,0.0,35.856939627999964,0.027777777777777776,1,,,,,
0.0,0.0006797579117119312,7.967999999999999e-06,9876.0,766.0,766.0,766.0,0.0,766.0,766.0,766.0,0.7497299909591675,0.0,0.7497299909591675,0.0,1.0,3.6849054083631927e-06,0.002289429947268218,0.0,0.0,0.0,0.0,0.0,45.62979769499907,0.05555555555555555,2,,,,,
0.0,1.0110624089065823e-06,7.936e-06,14100.0,580.0,580.0,580.0,0.0,580.0,580.0,580.0,0.5724400281906128,0.0,0.5724400281906128,0.0,1.0,7.067774854263575e-08,0.001918816677061841,0.0,0.0,0.0,0.0,0.0,35.257004589000644,0.08333333333333333,3,,,,,
0.0001,0.05187263712286949,7.904e-06,18636.0,591.0,591.0,591.0,0.0,591.0,591.0,591.0,0.5631849765777588,0.0,0.5631849765777588,0.0,1.0,0.0013145771827112185,0.0035315119312144816,0.0,0.0,0.0,0.0,0.0,37.25819131500066,0.1111111111111111,4,,,,,
0.0,0.009898495860397816,7.872e-06,22988.0,618.0,618.0,618.0,0.0,618.0,618.0,618.0,0.9585450291633606,0.0,0.9585450291633606,0.0,1.0,6.256329561438179e-05,0.0038621031562797725,0.0,0.0,0.0,0.0,0.0,36.44022626300102,0.1388888888888889,5,,,,,
0.0,0.0036732186563313007,7.84e-06,27868.0,672.0,672.0,672.0,0.0,672.0,672.0,672.0,0.7493100166320801,0.0,0.7493100166320801,0.0,1.0,2.347070358155179e-05,0.003325200465042144,0.0,0.0,0.0,0.0,0.0,40.28125639299833,0.16666666666666666,6,,,,,
0.3688,5.925633907318115,7.807999999999999e-06,32150.0,605.5,375.0,1052.0,0.0,605.5,375.0,1052.0,0.4174262583255768,0.2566175162792206,0.4174262583255768,0.2566175162792206,0.0,0.007529918453656137,0.17502095736563206,0.0,0.0,0.0,0.0,0.0,61.45022191099815,0.19444444444444445,7,,,,,
-0.0012,0.6079719662666321,7.776e-06,37627.0,735.25,733.0,736.0,0.0,735.25,733.0,736.0,0.6774912476539612,0.1444775015115738,0.6774912476539612,0.1444774866104126,0.0,0.0091409666929394,0.003651066741440445,0.0,0.0,0.0,0.0,0.0,45.29711981099899,0.2222222222222222,8,,,,,
-0.0,3.036479949951172,7.743999999999999e-06,41728.0,559.25,258.0,676.0,0.0,559.25,258.0,676.0,0.37599000334739685,0.056238170713186264,0.37599000334739685,0.05623817443847656,0.0,0.005230165057582781,0.09261542954482138,0.0,0.0,0.0,0.0,0.0,40.103881895000086,0.25,9,,,,,
0.0,0.002111994195729494,7.712e-06,47084.0,771.0,771.0,771.0,0.0,771.0,771.0,771.0,0.9313650131225586,0.0,0.9313650131225586,0.0,1.0,0.0006428029228118248,0.0026564807631075382,0.0,0.0,0.0,0.0,0.0,46.96796751399961,0.2777777777777778,10,,,,,
0.0,0.00558240944519639,7.68e-06,51652.0,672.0,672.0,672.0,0.0,672.0,672.0,672.0,0.8729299902915955,0.0,0.8729299902915955,0.0,1.0,3.7914319364062976e-05,0.002306355338077992,0.0,0.0,0.0,0.0,0.0,39.96892141600074,0.3055555555555556,11,,,,,
0.0,0.0017429919680580497,7.647999999999999e-06,56576.0,676.0,676.0,676.0,0.0,676.0,676.0,676.0,0.5867099761962891,0.0,0.5867099761962891,0.0,1.0,7.153924258318511e-06,0.0030091169173829257,0.0,0.0,0.0,0.0,0.0,39.77288037799917,0.3333333333333333,12,,,,,
0.3278,2.3233418464660645,7.616e-06,63390.0,1087.5,850.0,1800.0,0.25,850.0,850.0,850.0,0.7264137268066406,0.2459225058555603,0.7264137268066406,0.2459225058555603,0.0,0.005867733570795508,0.010507524712011218,0.0,0.0,0.0,0.0,0.0,104.20909734599991,0.3611111111111111,13,,,,,
0.0579,3.4010491371154785,7.583999999999999e-06,69692.0,1107.5,698.0,1800.0,0.25,876.6666870117188,698.0,982.0,0.4359924793243408,0.1409050077199936,0.4359924793243408,0.1409050077199936,0.0,0.027907362557016313,0.07279006112366915,0.0,0.0,0.0,0.0,0.0,105.0077450680019,0.3888888888888889,14,,,,,
-0.268,3.3986165523529053,7.551999999999999e-06,75681.0,822.25,381.0,979.0,0.0,822.25,381.0,979.0,0.7328025102615356,0.2541857063770294,0.7328025102615356,0.2541857063770294,0.0,0.017461477535107406,0.03203037066850811,0.0,0.0,0.0,0.0,0.0,57.01728063399969,0.4166666666666667,15,,,,,
-0.0011,2.26882266998291,7.519999999999999e-06,81079.0,734.5,732.0,736.0,0.0,734.5,732.0,736.0,0.9167737364768982,0.020542502403259277,0.9167737364768982,0.020542502403259277,0.0,0.01504226541146636,0.010800634161569178,0.0,0.0,0.0,0.0,0.0,43.52645096700144,0.4444444444444444,16,,,,,
0.0,0.00021739062503911555,7.488e-06,85091.0,536.0,536.0,536.0,0.0,536.0,536.0,536.0,0.5724400281906128,0.0,0.5724400281906128,0.0,1.0,1.919997970389886e-06,0.0031107065151445568,0.0,0.0,0.0,0.0,0.0,33.41016020599818,0.4722222222222222,17,,,,,
-0.2487,1.3253753185272217,7.456e-06,89655.0,675.0,93.0,869.0,0.0,675.0,93.0,869.0,0.6763924956321716,0.2809992730617523,0.6763924956321716,0.2809992730617523,0.0,0.012604484210584133,0.04761900787707418,0.0,0.0,0.0,0.0,0.0,50.38402851799947,0.5,18,,,,,
0.0,0.0025367799680680037,7.424e-06,93635.0,517.0,517.0,517.0,0.0,517.0,517.0,517.0,0.9954950213432312,0.0,0.9954950213432312,0.0,1.0,2.598837477307825e-05,0.005128451623022556,0.0,0.0,0.0,0.0,0.0,31.2089210990016,0.5277777777777778,19,,,,,
-0.0008,3.516975164413452,7.392e-06,98207.0,676.0,673.0,683.0,0.0,676.0,673.0,683.0,0.7986649870872498,0.12476185709238052,0.7986649870872498,0.12476184964179993,0.0,0.03174249269068241,0.01192003081087023,0.0,0.0,0.0,0.0,0.0,40.94406421799795,0.5555555555555556,20,,,,,
0.4438,4.76503849029541,7.36e-06,104251.0,950.0,662.0,1800.0,0.25,666.6666870117188,662.0,669.0,0.6100224852561951,0.009724974632263184,0.6100224852561951,0.009724974632263184,0.0,0.021623618435114622,0.18317709991242737,0.0,0.0,0.0,0.0,0.0,104.53265366400228,0.5833333333333334,21,,,,,
0.0007,0.206976518034935,7.328e-06,109595.0,766.0,766.0,766.0,0.0,766.0,766.0,766.0,0.7497299909591675,0.0,0.7497299909591675,0.0,1.0,0.016598124871961772,0.007072048378176987,0.0,0.0,0.0,0.0,0.0,45.15871259300184,0.6111111111111112,22,,,,,
0.0521,1.8130512237548828,7.296e-06,114655.0,720.0,576.0,774.0,0.0,720.0,576.0,774.0,0.5200337767601013,0.0060232263058424,0.5200337767601013,0.006023218855261803,0.0,0.02021224470809102,0.014497568015940487,0.0,0.0,0.0,0.0,0.0,47.26615209200099,0.6388888888888888,23,,,,,
0.0622,4.558338165283203,7.264e-06,119834.0,744.75,477.0,911.0,0.0,744.75,477.0,911.0,0.3041762411594391,0.22735695540905,0.3041762411594391,0.22735695540905,0.0,0.07425275631248951,0.1009484592359513,0.0,0.0,0.0,0.0,0.0,65.55893798800025,0.6666666666666666,24,,,,,
0.3119,5.770832538604736,7.2319999999999995e-06,125664.0,935.5,617.0,1514.0,0.0,935.5,617.0,1514.0,0.2861712574958801,0.42413634061813354,0.2861712574958801,0.42413637042045593,0.0,0.06565129198133945,0.19031670037657022,0.0,0.0,0.0,0.0,0.0,90.28492930100037,0.6944444444444444,25,,,,,
-0.5452,4.807325839996338,7.2e-06,129403.0,377.75,63.0,664.0,0.0,377.75,63.0,664.0,0.5387687683105469,0.07270359992980957,0.5387687683105469,0.07270359992980957,0.0,0.09805226512253284,0.1895138407126069,0.0,0.0,0.0,0.0,0.0,40.21482594000008,0.7222222222222222,26,,,,,
-0.1088,2.7070152759552,7.168e-06,134544.0,717.25,559.0,771.0,0.0,717.25,559.0,771.0,0.863444983959198,0.09817953407764435,0.863444983959198,0.09817951917648315,0.0,0.03814131999388337,0.017261059256270528,0.0,0.0,0.0,0.0,0.0,45.66205752100177,0.75,27,,,,,
0.0447,4.0754241943359375,7.136e-06,138542.0,536.5,521.0,583.0,0.0,536.5,521.0,583.0,0.7116987705230713,0.13259249925613403,0.7116987705230713,0.13259249925613403,0.0,0.033905982971191406,0.015161655959673226,0.0,0.0,0.0,0.0,0.0,34.99123606300054,0.7777777777777778,28,,,,,
0.2689,5.040123462677002,7.104e-06,144965.0,1078.75,692.0,1800.0,0.25,838.3333740234375,692.0,972.0,0.6170074939727783,0.11630263179540634,0.6170074939727783,0.11630263179540634,0.0,0.07687880378216505,0.24417076911777258,0.0,0.0,0.0,0.0,0.0,104.95730701500179,0.8055555555555556,29,,,,,
-0.404,6.379354953765869,7.071999999999999e-06,149237.0,502.0,96.0,778.0,0.0,502.0,96.0,778.0,0.5111937522888184,0.1374301314353943,0.5111937522888184,0.1374301314353943,0.0,0.18303474970161915,0.14969983557239175,0.0,0.0,0.0,0.0,0.0,53.83090735299811,0.8333333333333334,30,,,,,
0.1095,0.0,7.0399999999999995e-06,156151.0,1055.5,979.0,1256.0,0.0,1055.5,979.0,1256.0,0.732027530670166,0.25176700949668884,0.732027530670166,0.25176703929901123,0.0,0.3872933778911829,0.06805924756918103,0.0,0.0,0.0,0.0,0.0,74.04971092399865,0.8611111111111112,31,,,,,
0.0773,3.117818832397461,7.0399999999999995e-06,161432.0,770.25,582.0,909.0,0.0,770.25,582.0,909.0,0.6330900192260742,0.2167394608259201,0.6330900192260742,0.2167394608259201,0.0,0.0701745767146349,0.01795430830679834,0.0,0.0,0.0,0.0,0.0,55.45282654999755,0.8888888888888888,32,,,,,
0.3299,6.071208477020264,7.008e-06,168165.0,1088.25,848.0,1800.0,0.25,851.0,848.0,857.0,0.7419612407684326,0.25628891587257385,0.7419612407684326,0.25628888607025146,0.0,0.06063134140276816,0.07540440012235194,0.0,0.0,0.0,0.0,0.0,108.8786240720001,0.9166666666666666,33,,,,,
-0.0133,4.1938934326171875,6.976e-06,173091.0,665.5,255.0,1262.0,0.0,665.5,255.0,1262.0,0.4931175112724304,0.13213522732257843,0.4931175112724304,0.13213521242141724,0.0,0.1448526307940483,0.26063465513288975,0.0,0.0,0.0,0.0,0.0,76.025611846002,0.9444444444444444,34,,,,,
-0.0653,3.3289434909820557,6.944e-06,179866.0,1128.75,842.0,1800.0,0.25,905.0,842.0,960.0,0.33949750661849976,0.27282530069351196,0.33949750661849976,0.27282530069351196,0.0,0.05826736427843571,0.14249398419633508,0.0,0.0,0.0,0.0,0.0,106.46852940200006,0.9722222222222222,35,,,,,
0.0607,1.2576004266738892,6.911999999999999e-06,185638.0,895.0,789.0,932.0,0.0,895.0,789.0,932.0,0.7746975421905518,0.11422865092754364,0.7746975421905518,0.11422865092754364,0.0,0.0380852404050529,0.016245689243078232,0.0,0.0,0.0,0.0,0.0,54.2216566449988,1.0,36,,,,,
0.5266,3.4458093643188477,6.879999999999999e-06,191002.0,876.0,553.0,1800.0,0.25,568.0,553.0,577.0,0.4226049780845642,0.27616801857948303,0.4226049780845642,0.27616801857948303,0.0,0.0465513626113534,0.2574873510748148,0.0,0.0,0.0,0.0,0.0,104.50575714200022,1.0277777777777777,37,,,,,
0.3959,6.284167289733887,6.8479999999999995e-06,196530.0,915.0,674.0,1636.0,0.0,915.0,674.0,1636.0,0.7525162696838379,0.2168177366256714,0.7525162696838379,0.2168177217245102,0.0,0.03377645346336067,0.0928498738212511,0.0,0.0,0.0,0.0,0.0,98.19191568300084,1.0555555555555556,38,,,,,
0.196,5.3088860511779785,6.816e-06,201432.0,675.5,540.0,954.0,0.0,675.5,540.0,954.0,0.7679612636566162,0.21197031438350677,0.7679612636566162,0.21197031438350677,0.0,0.09950242564082146,0.07256173295900226,0.0,0.0,0.0,0.0,0.0,55.70333860499886,1.0833333333333333,39,,,,,
0.0594,3.5180373191833496,6.784e-06,207932.0,1009.0,877.0,1260.0,0.0,1009.0,877.0,1260.0,0.5555574893951416,0.2424953728914261,0.5555574893951416,0.2424953728914261,0.0,0.06433798931539059,0.08164086285978556,0.0,0.0,0.0,0.0,0.0,74.3062846710036,1.1111111111111112,40,,,,,
0.3312,3.7069621086120605,6.751999999999999e-06,213587.0,937.75,580.0,1800.0,0.25,650.3333740234375,580.0,789.0,0.49087876081466675,0.0941789299249649,0.49087876081466675,0.09417892247438431,0.0,0.0425570048391819,0.22287775902077556,0.0,0.0,0.0,0.0,0.0,107.17122325699893,1.1388888888888888,41,,,,,
-0.2492,5.462930679321289,6.719999999999999e-06,219586.0,944.75,595.0,1316.0,0.0,944.75,595.0,1316.0,0.5739337801933289,0.03161357715725899,0.5739337801933289,0.03161357715725899,0.0,0.14340201392769814,0.18450259417295456,0.0,0.0,0.0,0.0,0.0,76.65892058700047,1.1666666666666667,42,,,,,
-0.1369,4.717098712921143,6.687999999999999e-06,224424.0,644.5,328.0,831.0,0.0,644.5,328.0,831.0,0.5377349853515625,0.03327324986457825,0.5377349853515625,0.03327324986457825,0.0,0.08605280891060829,0.06248280731961131,0.0,0.0,0.0,0.0,0.0,48.85132917200099,1.1944444444444444,43,,,,,
0.3221,4.07383394241333,6.6559999999999995e-06,230172.0,894.0,469.0,1800.0,0.25,592.0,469.0,735.0,0.4977862238883972,0.05659501254558563,0.4977862238883972,0.056595008820295334,0.0,0.10542364232242107,0.10452998895198107,0.0,0.0,0.0,0.0,0.0,103.87367215899758,1.2222222222222223,44,,,,,
0.1095,2.5331032276153564,6.624e-06,237276.0,1101.0,958.0,1316.0,0.0,1101.0,958.0,1316.0,0.6100975275039673,0.2903754413127899,0.6100975275039673,0.2903754413127899,0.0,0.043742490001022816,0.04446946457028389,0.0,0.0,0.0,0.0,0.0,94.44316586199966,1.25,45,,,,,
0.0127,7.391228199005127,6.592e-06,241202.0,503.5,159.0,881.0,0.0,503.5,159.0,881.0,0.5717599987983704,0.20902001857757568,0.5717599987983704,0.20902001857757568,0.0,0.07809589570388198,0.10620979033410549,0.0,0.0,0.0,0.0,0.0,52.739307812000334,1.2777777777777777,46,,,,,
0.004,5.313581943511963,6.559999999999999e-06,246110.0,659.0,601.0,757.0,0.0,659.0,601.0,757.0,0.8348162174224854,0.1386287957429886,0.8348162174224854,0.1386287957429886,0.0,0.11242981627583504,0.034611144568771124,0.0,0.0,0.0,0.0,0.0,46.14466679600264,1.3055555555555556,47,,,,,
0.5144,6.867837429046631,6.527999999999999e-06,251851.0,890.25,575.0,1800.0,0.25,587.0,575.0,606.0,0.39430373907089233,0.2574043869972229,0.39430373907089233,0.2574043869972229,0.0,0.09259185567498207,0.1094505381770432,0.0,0.0,0.0,0.0,0.0,105.87307222899835,1.3333333333333333,48,,,,,
0.0612,4.99304723739624,6.496e-06,257574.0,796.75,478.0,1235.0,0.0,796.75,478.0,1235.0,0.4572787582874298,0.0030802786350250244,0.4572787582874298,0.003080278169363737,0.0,0.1022485364228487,0.23299760930240154,0.0,0.0,0.0,0.0,0.0,73.37048245999722,1.3611111111111112,49,,,,,
0.515,4.959695339202881,6.464e-06,263403.0,889.25,573.0,1800.0,0.25,585.6666870117188,573.0,597.0,0.7782225012779236,0.2100684642791748,0.7782225012779236,0.21006843447685242,0.0,0.0994642423465848,0.06016415683552623,0.0,0.0,0.0,0.0,0.0,106.97563212799832,1.3888888888888888,50,,,,,
0.2005,3.2314260005950928,6.432e-06,270425.0,1082.5,583.0,1800.0,0.25,843.3333740234375,583.0,985.0,0.6557562351226807,0.2525673806667328,0.6557562351226807,0.2525673508644104,0.0,0.06514753866940737,0.10675651906058192,0.0,0.0,0.0,0.0,0.0,105.83105035799963,1.4166666666666667,51,,,,,
-0.0054,3.2964818477630615,6.4e-06,275016.0,677.75,669.0,700.0,0.0,677.75,669.0,700.0,0.8347362875938416,0.07590825110673904,0.8347362875938416,0.07590824365615845,0.0,0.024620455456897616,0.005690747348126024,0.0,0.0,0.0,0.0,0.0,41.26978939100081,1.4444444444444444,52,,,,,
0.1652,4.016778469085693,6.368e-06,281231.0,958.75,829.0,1275.0,0.0,958.75,829.0,1275.0,0.6892625093460083,0.23792432248592377,0.6892625093460083,0.23792430758476257,0.0,0.06489674467593431,0.03471088339574635,0.0,0.0,0.0,0.0,0.0,73.85833494599865,1.4722222222222223,53,,,,,
0.0045,6.119357585906982,6.336e-06,285787.0,669.0,646.0,691.0,0.0,669.0,646.0,691.0,0.5076825022697449,0.007667855359613895,0.5076825022697449,0.007667855825275183,0.0,0.09510060213506222,0.0959499862510711,0.0,0.0,0.0,0.0,0.0,40.899949438002295,1.5,54,,,,,
-0.1616,4.386600971221924,6.304e-06,290472.0,610.25,338.0,749.0,0.0,610.25,338.0,749.0,0.48282501101493835,0.15765538811683655,0.48282501101493835,0.15765540301799774,0.0,0.06934437062591314,0.2806084346957505,0.0,0.0,0.0,0.0,0.0,44.126929561001816,1.5277777777777777,55,,,,,
-0.1103,2.759970188140869,6.272e-06,295372.0,655.0,566.0,766.0,0.0,655.0,566.0,766.0,0.7228425145149231,0.026531854644417763,0.7228425145149231,0.026531854644417763,0.0,0.0852784002199769,0.014792131027206779,0.0,0.0,0.0,0.0,0.0,53.92261725000026,1.5555555555555556,56,,,,,
0.0815,7.966996192932129,6.2399999999999995e-06,300259.0,673.75,587.0,837.0,0.0,673.75,587.0,837.0,0.698458731174469,0.18395978212356567,0.698458731174469,0.18395976722240448,0.0,0.17315410263836384,0.07964912056922913,0.0,0.0,0.0,0.0,0.0,62.155848562000756,1.5833333333333335,57,,,,,
0.0842,3.4090688228607178,6.208e-06,307077.0,1089.5,737.0,1800.0,0.25,852.6666870117188,737.0,1031.0,0.455231249332428,0.3587157726287842,0.455231249332428,0.3587157726287842,0.0,0.11625262536108494,0.1522648585960269,0.0,0.0,0.0,0.0,0.0,106.22358700400036,1.6111111111111112,58,,,,,
0.5127,6.1280341148376465,6.176e-06,312707.0,885.5,558.0,1800.0,0.25,580.6666870117188,558.0,598.0,0.5156737565994263,0.010013322345912457,0.5156737565994263,0.01001330092549324,0.0,0.11297882255166769,0.09912624396383762,0.0,0.0,0.0,0.0,0.0,100.76307440299752,1.6388888888888888,59,,,,,
0.004,3.4814882278442383,6.144e-06,317758.0,794.75,486.0,986.0,0.0,794.75,486.0,986.0,0.3655399978160858,0.0,0.3655399978160858,0.0,1.0,0.1045395890250802,0.12523019406944513,0.0,0.0,0.0,0.0,0.0,54.74450404900017,1.6666666666666665,60,,,,,
-0.0088,4.443378448486328,6.112e-06,322532.0,643.5,574.0,713.0,0.0,643.5,574.0,713.0,0.5763287544250488,0.1381680816411972,0.5763287544250488,0.138168066740036,0.0,0.14931498281657696,0.09935880079865456,0.0,0.0,0.0,0.0,0.0,40.68196719199841,1.6944444444444444,61,,,,,
-0.0112,5.277501106262207,6.079999999999999e-06,327780.0,785.0,711.0,839.0,0.0,785.0,711.0,839.0,0.5630624890327454,0.21549952030181885,0.5630624890327454,0.21549950540065765,0.0,0.16244230046868324,0.05730081535875797,0.0,0.0,0.0,0.0,0.0,47.522788911001044,1.7222222222222223,62,,,,,
0.0186,4.410464286804199,6.0479999999999995e-06,332139.0,626.75,520.0,882.0,0.0,626.75,520.0,882.0,0.5014212727546692,0.3735593557357788,0.5014212727546692,0.3735593855381012,0.0,0.10340924188494682,0.05262904427945614,0.0,0.0,0.0,0.0,0.0,52.280044516999624,1.75,63,,,,,
0.0095,5.123342037200928,6.016e-06,336682.0,569.75,563.0,575.0,0.0,569.75,563.0,575.0,0.5358487367630005,0.061313122510910034,0.5358487367630005,0.06131312623620033,0.0,0.12312169186770916,0.03907478111796081,0.0,0.0,0.0,0.0,0.0,34.67646607700044,1.7777777777777777,64,,,,,
0.1013,0.0,5.984e-06,341656.0,677.5,572.0,804.0,0.0,677.5,572.0,804.0,0.6027287244796753,0.01490143034607172,0.6027287244796753,0.01490143034607172,0.0,0.34603384137153625,0.02452555182389915,0.0,0.0,0.0,0.0,0.0,46.007877278001615,1.8055555555555556,65,,,,,
-0.1455,4.7418084144592285,5.984e-06,346639.0,779.75,499.0,1464.0,0.0,779.75,499.0,1464.0,0.36213624477386475,0.053305283188819885,0.36213624477386475,0.05330527946352959,0.0,0.10249082557857037,0.326167058898136,0.0,0.0,0.0,0.0,0.0,85.46620520500073,1.8333333333333335,66,,,,,
-0.1191,2.8771562576293945,5.952e-06,351722.0,713.75,564.0,855.0,0.0,713.75,564.0,855.0,0.5900049805641174,0.01865106076002121,0.5900049805641174,0.01865105889737606,0.0,0.09358420222997665,0.05160138476639986,0.0,0.0,0.0,0.0,0.0,49.33752709500004,1.8611111111111112,67,,,,,
0.0778,3.758378744125366,5.92e-06,356397.0,626.75,558.0,763.0,0.0,626.75,558.0,763.0,0.566397488117218,0.023134764283895493,0.566397488117218,0.023134764283895493,0.0,0.12044990994036198,0.03320118132978678,0.0,0.0,0.0,0.0,0.0,43.71653098100069,1.8888888888888888,68,,,,,
0.0899,3.404613733291626,5.887999999999999e-06,362087.0,852.5,712.0,981.0,0.0,852.5,712.0,981.0,0.5814287662506104,0.14158561825752258,0.5814287662506104,0.14158561825752258,0.0,0.09702167846262455,0.0812611635774374,0.0,0.0,0.0,0.0,0.0,55.5584520249995,1.9166666666666665,69,,,,,
0.0007,1.5061249732971191,5.8559999999999995e-06,367434.0,870.75,870.0,871.0,0.0,870.75,870.0,871.0,0.9069200158119202,0.008550018072128296,0.9069200158119202,0.008550028316676617,0.0,0.02214440214447677,0.013911000918596983,0.0,0.0,0.0,0.0,0.0,49.63003590799963,1.9444444444444444,70,,,,,
0.2769,5.964603900909424,5.824e-06,372570.0,817.0,536.0,1501.0,0.0,817.0,536.0,1501.0,0.5117800235748291,0.15849712491035461,0.5117800235748291,0.15849712491035461,0.0,0.10096606239676476,0.15808339300565422,0.0,0.0,0.0,0.0,0.0,86.89198060900162,1.9722222222222223,71,,,,,
0.1667,5.3154120445251465,5.792e-06,378597.0,958.75,754.0,1470.0,0.0,958.75,754.0,1470.0,0.7002224922180176,0.27204427123069763,0.7002224922180176,0.27204427123069763,0.0,0.09650380536913872,0.2310345886508003,0.0,0.0,0.0,0.0,0.0,85.18315694299963,2.0,72,,,,,
0.062,6.619484901428223,5.76e-06,383394.0,638.25,509.0,750.0,0.0,638.25,509.0,750.0,0.5847212076187134,0.13298246264457703,0.5847212076187134,0.13298246264457703,0.0,0.11512349545955658,0.11894645355641842,0.0,0.0,0.0,0.0,0.0,45.7195346519984,2.0277777777777777,73,,,,,
0.0023,0.6664677262306213,5.727999999999999e-06,389187.0,981.25,547.0,1800.0,0.25,708.3333740234375,547.0,853.0,0.4281750023365021,0.0,0.4281750023365021,0.0,1.0,0.05884719919413328,0.20316247642040253,0.0,0.0,0.0,0.0,0.0,113.66127464300007,2.0555555555555554,74,,,,,
0.2498,0.0,5.695999999999999e-06,395597.0,1052.5,746.0,1800.0,0.25,803.3333740234375,746.0,841.0,0.5893750190734863,0.14687764644622803,0.5893750190734863,0.14687763154506683,0.0,1.08138757199049,0.10164331272244453,0.0,0.0,0.0,0.0,0.0,104.12014124000052,2.0833333333333335,75,,,,,
0.1043,3.7094051837921143,5.695999999999999e-06,400857.0,772.0,644.0,959.0,0.0,772.0,644.0,959.0,0.49430373311042786,0.054330773651599884,0.49430373311042786,0.054330769926309586,0.0,0.13838500902056694,0.03157990099862218,0.0,0.0,0.0,0.0,0.0,56.41398157899857,2.111111111111111,76,,,,,
-0.0624,5.4967546463012695,5.6639999999999995e-06,406381.0,708.0,547.0,935.0,0.0,708.0,547.0,935.0,0.513182520866394,0.18886689841747284,0.513182520866394,0.18886688351631165,0.0,0.09887928143143654,0.1359272701665759,0.0,0.0,0.0,0.0,0.0,55.07388432299922,2.138888888888889,77,,,,,
-0.0179,4.761600494384766,5.632e-06,411730.0,767.25,715.0,835.0,0.0,767.25,715.0,835.0,0.601485013961792,0.1587035208940506,0.601485013961792,0.1587035208940506,0.0,0.13584717735648155,0.25488094333559275,0.0,0.0,0.0,0.0,0.0,50.06501268899774,2.1666666666666665,78,,,,,
0.3168,3.6890323162078857,5.6e-06,418008.0,1103.5,871.0,1800.0,0.25,871.3333740234375,871.0,872.0,0.7975850105285645,0.24432002007961273,0.7975850105285645,0.24432002007961273,0.0,0.030874301679432392,0.052606829442083836,0.0,0.0,0.0,0.0,0.0,104.43317859700073,2.1944444444444446,79,,,,,
0.5512,11.287348747253418,5.567999999999999e-06,423295.0,854.75,536.0,1800.0,0.25,539.6666870117188,536.0,547.0,0.3757925033569336,0.4880812168121338,0.3757925033569336,0.4880812168121338,0.0,0.06394732091575861,0.03463935200124979,0.0,0.0,0.0,0.0,0.0,105.61860850800076,2.2222222222222223,80,,,,,
-0.1823,4.208374977111816,5.535999999999999e-06,429845.0,1167.5,460.0,1800.0,0.25,956.6666870117188,460.0,1594.0,0.44130122661590576,0.30970942974090576,0.44130122661590576,0.30970942974090576,0.0,0.10705348290503025,0.28401697240769863,0.0,0.0,0.0,0.0,0.0,105.31074198000351,2.25,81,,,,,
0.3104,5.17374849319458,5.503999999999999e-06,436289.0,1016.0,606.0,1800.0,0.25,754.6666870117188,606.0,829.0,0.6746662855148315,0.2506336569786072,0.6746662855148315,0.25063368678092957,0.0,0.0925491014495492,0.07831634278409183,0.0,0.0,0.0,0.0,0.0,103.61128671499682,2.2777777777777777,82,,,,,
-0.0237,5.272450923919678,5.472e-06,440158.0,504.25,466.0,520.0,0.0,504.25,466.0,520.0,0.608403742313385,0.19588904082775116,0.608403742313385,0.19588904082775116,0.0,0.10072673950344324,0.05012918962165713,0.0,0.0,0.0,0.0,0.0,32.082563279996975,2.3055555555555554,83,,,,,
0.0284,4.4821600914001465,5.4400000000000004e-06,446772.0,978.5,941.0,1028.0,0.0,978.5,941.0,1028.0,0.6458987593650818,0.3905867636203766,0.6458987593650818,0.3905867636203766,0.0,0.10288369841873646,0.06790388748049736,0.0,0.0,0.0,0.0,0.0,65.06646638299935,2.3333333333333335,84,,,,,
-0.0747,3.3418469429016113,5.408e-06,452053.0,778.25,696.0,888.0,0.0,778.25,696.0,888.0,0.574611246585846,0.011712740175426006,0.574611246585846,0.0117127550765872,0.0,0.12101228721439838,0.07040445320308208,0.0,0.0,0.0,0.0,0.0,53.51692599300077,2.361111111111111,85,,,,,
-0.0029,3.431013345718384,5.376e-06,457250.0,731.25,712.0,769.0,0.0,731.25,712.0,769.0,0.8523825407028198,0.07574079930782318,0.8523825407028198,0.07574079930782318,0.0,0.13531901314854622,0.03133548516780138,0.0,0.0,0.0,0.0,0.0,46.605827740004315,2.388888888888889,86,,,,,
0.4074,5.190338611602783,5.344e-06,462866.0,934.0,577.0,1800.0,0.25,645.3333740234375,577.0,688.0,0.43902748823165894,0.5787359476089478,0.43902748823165894,0.5787359476089478,0.0,0.054944271221756935,0.07259553275071084,0.0,0.0,0.0,0.0,0.0,104.44804176899925,2.4166666666666665,87,,,,,
-0.1085,3.7252821922302246,5.312e-06,467802.0,668.0,563.0,799.0,0.0,668.0,563.0,799.0,0.5794187188148499,0.00781433004885912,0.5794187188148499,0.007814329117536545,0.0,0.14133770763874054,0.02109848498366773,0.0,0.0,0.0,0.0,0.0,47.26145107800039,2.4444444444444446,88,,,,,
0.0267,4.387243270874023,5.28e-06,472865.0,710.75,650.0,781.0,0.0,710.75,650.0,781.0,0.5673213005065918,0.022773349657654762,0.5673213005065918,0.02277333289384842,0.0,0.13682051002979279,0.20163372065871954,0.0,0.0,0.0,0.0,0.0,47.7140772620005,2.4722222222222223,89,,,,,
0.059,3.938065528869629,5.248e-06,478785.0,865.0,683.0,1119.0,0.0,865.0,683.0,1119.0,0.2992575168609619,0.36436927318573,0.2992575168609619,0.3643692433834076,0.0,0.13093251176178455,0.11981851328164339,0.0,0.0,0.0,0.0,0.0,66.45615191099932,2.5,90,,,,,
-0.0025,4.152678966522217,5.216e-06,484080.0,778.75,751.0,835.0,0.0,778.75,751.0,835.0,0.519070029258728,0.006480008829385042,0.519070029258728,0.006479998584836721,0.0,0.10840458050370216,0.04702536016702652,0.0,0.0,0.0,0.0,0.0,49.852229534997605,2.5277777777777777,91,,,,,
0.0328,3.382105827331543,5.184e-06,489400.0,808.0,770.0,897.0,0.0,808.0,770.0,897.0,0.5220387578010559,0.01938074268400669,0.5220387578010559,0.019380750134587288,0.0,0.09464343823492527,0.06973962392657995,0.0,0.0,0.0,0.0,0.0,53.872485461994074,2.5555555555555554,92,,,,,
-0.0322,3.625814914703369,5.152e-06,494832.0,790.0,704.0,847.0,0.0,790.0,704.0,847.0,0.6965199708938599,0.2476043552160263,0.6965199708938599,0.2476043701171875,0.0,0.13667875342071056,0.0642137723043561,0.0,0.0,0.0,0.0,0.0,48.77047276899975,2.5833333333333335,93,,,,,
0.1579,5.1680121421813965,5.12e-06,501098.0,1018.5,591.0,1800.0,0.25,758.0,591.0,969.0,0.6746712327003479,0.2543830871582031,0.6746712327003479,0.2543830871582031,0.0,0.1962337028235197,0.16210682317614555,0.0,0.0,0.0,0.0,0.0,104.75583753400497,2.611111111111111,94,,,,,
0.0515,4.2778143882751465,5.088e-06,505296.0,571.5,518.0,662.0,0.0,571.5,518.0,662.0,0.5993112325668335,0.26412251591682434,0.5993112325668335,0.26412251591682434,0.0,0.11872358992695808,0.1971086161211133,0.0,0.0,0.0,0.0,0.0,38.9389636709966,2.638888888888889,95,,,,,
-0.0445,4.329866409301758,5.0559999999999995e-06,510640.0,771.0,683.0,846.0,0.0,771.0,683.0,846.0,0.508217453956604,0.07561405748128891,0.508217453956604,0.07561404258012772,0.0,0.13047310151159763,0.1518586464226246,0.0,0.0,0.0,0.0,0.0,49.618181085996184,2.6666666666666665,96,,,,,
0.2339,3.9333391189575195,5.024e-06,515196.0,674.0,362.0,1200.0,0.0,674.0,362.0,1200.0,0.5499462485313416,0.024896789342164993,0.5499462485313416,0.024896763265132904,0.0,0.07408110052347183,0.07909224787726998,0.0,0.0,0.0,0.0,0.0,69.20493182000064,2.6944444444444446,97,,,,,
-0.0546,3.9557526111602783,4.992e-06,520352.0,723.0,395.0,893.0,0.0,723.0,395.0,893.0,0.48896121978759766,0.07558248937129974,0.48896121978759766,0.07558248192071915,0.0,0.13092961721122265,0.10913601145148277,0.0,0.0,0.0,0.0,0.0,52.5213236960044,2.7222222222222223,98,,,,,
-0.1409,5.121535301208496,4.96e-06,526023.0,860.75,631.0,1111.0,0.0,860.75,631.0,1111.0,0.5756062269210815,0.01722664199769497,0.5756062269210815,0.017226651310920715,0.0,0.11921261809766293,0.11108126025646925,0.0,0.0,0.0,0.0,0.0,64.60134778200154,2.75,99,,,,,
0.1153,3.4782519340515137,4.928e-06,534968.0,1602.25,1009.0,1800.0,0.75,1009.0,1009.0,1009.0,0.2344599962234497,0.25009748339653015,0.2344599962234497,0.25009748339653015,0.0,0.11433051992207766,0.3610810786485672,0.0,0.0,0.0,0.0,0.0,104.10979455800043,2.7777777777777777,100,,,,,
0.2421,3.1563174724578857,4.895999999999999e-06,540848.0,922.0,759.0,1363.0,0.0,922.0,759.0,1363.0,0.7134162783622742,0.47109755873680115,0.7134162783622742,0.47109758853912354,0.0,0.07900834362953901,0.029011694248765707,0.0,0.0,0.0,0.0,0.0,80.1378498549966,2.8055555555555554,101,,,,,
0.0064,12.510405540466309,4.8639999999999995e-06,546171.0,862.75,66.0,1800.0,0.25,550.3333740234375,66.0,1139.0,0.3655399978160858,0.0,0.3655399978160858,0.0,1.0,0.1253837225958705,0.16453611478209496,0.0,0.0,0.0,0.0,0.0,103.0363903930047,2.8333333333333335,102,,,,,
0.0044,4.86842155456543,4.832e-06,552010.0,843.75,724.0,933.0,0.0,843.75,724.0,933.0,0.8356887102127075,0.04209742695093155,0.8356887102127075,0.04209742695093155,0.0,0.1254644151777029,0.0843365085311234,0.0,0.0,0.0,0.0,0.0,55.29652552399784,2.861111111111111,103,,,,,
0.1354,29.117900848388672,4.8e-06,556223.0,577.25,446.0,701.0,0.0,577.25,446.0,701.0,0.4589100480079651,0.3202667832374573,0.4589100480079651,0.32026681303977966,0.0,0.3590002916753292,0.04905214882455766,0.0,0.0,0.0,0.0,0.0,42.27728136699807,2.888888888888889,104,,,,,
0.0077,8.315570831298828,4.768e-06,561602.0,774.75,741.0,862.0,0.0,774.75,741.0,862.0,0.7497299909591675,0.0,0.7497299909591675,0.0,1.0,0.1925717256963253,0.02870820416137576,0.0,0.0,0.0,0.0,0.0,52.42339546999938,2.9166666666666665,105,,,,,
0.2429,5.64397668838501,4.735999999999999e-06,567462.0,999.0,637.0,1800.0,0.25,732.0,637.0,895.0,0.207892507314682,0.20008380711078644,0.207892507314682,0.20008380711078644,0.0,0.14731270633637905,0.2755483314394951,0.0,0.0,0.0,0.0,0.0,105.27197675999923,2.9444444444444446,106,,,,,
0.033,5.936432838439941,4.703999999999999e-06,572719.0,787.25,517.0,1020.0,0.0,787.25,517.0,1020.0,0.6766512393951416,0.2052086591720581,0.6766512393951416,0.2052086889743805,0.0,0.14764567464590073,0.09864320140331984,0.0,0.0,0.0,0.0,0.0,60.58812986800331,2.9722222222222223,107,,,,,
0.236,3.3316569328308105,4.6719999999999995e-06,578916.0,999.25,755.0,1512.0,0.0,999.25,755.0,1512.0,0.6858287453651428,0.1931740641593933,0.6858287453651428,0.19317403435707092,0.0,0.13801440969109535,0.05039014806970954,0.0,0.0,0.0,0.0,0.0,87.7005740329987,3.0,108,,,,,
-0.01,3.263397216796875,4.64e-06,584168.0,765.0,748.0,800.0,0.0,765.0,748.0,800.0,0.9534550309181213,0.0069902874529361725,0.9534550309181213,0.00699028791859746,0.0,0.0862334230914712,0.01920897141098976,0.0,0.0,0.0,0.0,0.0,47.17960508899705,3.0277777777777777,109,,,,,
0.028,3.8836095333099365,4.608e-06,590080.0,883.0,838.0,939.0,0.0,883.0,838.0,939.0,0.5998412370681763,0.2801225781440735,0.5998412370681763,0.2801225483417511,0.0,0.10654346272349358,0.05735057173296809,0.0,0.0,0.0,0.0,0.0,56.04953631800163,3.0555555555555554,110,,,,,
-0.1744,4.575479030609131,4.575999999999999e-06,596467.0,1041.75,509.0,1642.0,0.0,1041.75,509.0,1642.0,0.5911175012588501,0.01202312670648098,0.5911175012588501,0.01202312670648098,0.0,0.15203552320599556,0.2864311430603266,0.0,0.0,0.0,0.0,0.0,95.4333769670011,3.0833333333333335,111,,,,,
-0.0205,4.1454949378967285,4.543999999999999e-06,601241.0,671.5,344.0,820.0,0.0,671.5,344.0,820.0,0.5105224847793579,0.012110247276723385,0.5105224847793579,0.012110240757465363,0.0,0.1493314877152443,0.09159237612038851,0.0,0.0,0.0,0.0,0.0,49.20331844300381,3.111111111111111,112,,,,,
0.0015,3.8790974617004395,4.511999999999999e-06,607261.0,871.0,806.0,938.0,0.0,871.0,806.0,938.0,0.6460549831390381,0.22143949568271637,0.6460549831390381,0.22143951058387756,0.0,0.14552327059209347,0.06018165219575167,0.0,0.0,0.0,0.0,0.0,57.16263241600245,3.138888888888889,113,,,,,
0.0737,5.66840934753418,4.48e-06,612968.0,958.75,538.0,1220.0,0.0,958.75,538.0,1220.0,0.276654988527298,0.1777700036764145,0.276654988527298,0.1777700036764145,0.0,0.1480962671339512,0.23827242199331522,0.0,0.0,0.0,0.0,0.0,69.89696557900243,3.1666666666666665,114,,,,,
-0.0831,6.2167229652404785,4.4480000000000004e-06,617332.0,615.0,580.0,720.0,0.0,615.0,580.0,720.0,0.6064025163650513,0.06792497634887695,0.6064025163650513,0.06792497634887695,0.0,0.05173421557992697,0.04103294434025884,0.0,0.0,0.0,0.0,0.0,44.11305898799765,3.1944444444444446,115,,,,,
0.0854,4.895308971405029,4.416000000000001e-06,622781.0,896.25,416.0,1800.0,0.25,595.0,416.0,699.0,0.40353500843048096,0.038895949721336365,0.40353500843048096,0.038895945996046066,0.0,0.16433642245829105,0.3426475562155247,0.0,0.0,0.0,0.0,0.0,113.94924382400859,3.2222222222222223,116,,,,,
-0.0851,1.6535307168960571,4.384e-06,628799.0,1038.5,580.0,1800.0,0.25,784.6666870117188,580.0,904.0,0.7041599750518799,0.1713494062423706,0.7041599750518799,0.1713494062423706,0.0,0.0616530692204833,0.09371595736593008,0.0,0.0,0.0,0.0,0.0,108.51533353300692,3.25,117,,,,,
0.0739,3.831254005432129,4.352e-06,635978.0,1324.75,692.0,1800.0,0.5,849.5,692.0,1007.0,0.2589687407016754,0.34088224172592163,0.2589687407016754,0.340882271528244,0.0,0.11882252991199493,0.41611448861658573,0.0,0.0,0.0,0.0,0.0,104.2703494180023,3.2777777777777777,118,,,,,
0.3884,5.157333850860596,4.32e-06,642518.0,1168.0,536.0,1800.0,0.5,536.0,536.0,536.0,0.38378751277923584,0.2651471495628357,0.38378751277923584,0.2651471495628357,0.0,0.07059459621086717,0.13780038862023503,0.0,0.0,0.0,0.0,0.0,105.61318422399563,3.3055555555555554,119,,,,,
0.0723,3.957728862762451,4.288e-06,649115.0,1034.25,349.0,1800.0,0.25,779.0,349.0,1135.0,0.5512374639511108,0.267080157995224,0.5512374639511108,0.2670801877975464,0.0,0.15377442725002766,0.23876864649355412,0.0,0.0,0.0,0.0,0.0,103.24023266700169,3.3333333333333335,120,,,,,
0.1634,5.68559455871582,4.256e-06,656527.0,1180.0,894.0,1402.0,0.0,1180.0,894.0,1402.0,0.5754712224006653,0.260023832321167,0.5754712224006653,0.260023832321167,0.0,0.14409713074564934,0.11544491350650787,0.0,0.0,0.0,0.0,0.0,82.76621278600214,3.361111111111111,121,,,,,
-0.0352,3.053560495376587,4.224e-06,663109.0,970.5,765.0,1087.0,0.0,970.5,765.0,1087.0,0.6057649850845337,0.2889009714126587,0.6057649850845337,0.2889010012149811,0.0,0.09397882223129272,0.08421827293932438,0.0,0.0,0.0,0.0,0.0,64.09000985799867,3.388888888888889,122,,,,,
0.0132,1.3638906478881836,4.192e-06,667670.0,670.25,648.0,684.0,0.0,670.25,648.0,684.0,0.8725249767303467,0.000471953273518011,0.8725249767303467,0.00047195798833854496,0.0,0.03489395510405302,0.008521721814759076,0.0,0.0,0.0,0.0,0.0,40.28856864900081,3.4166666666666665,123,,,,,
0.0433,0.0,4.16e-06,673146.0,812.0,740.0,915.0,0.0,812.0,740.0,915.0,0.5876162648200989,0.016956768929958344,0.5876162648200989,0.016956765204668045,0.0,0.4092153050005436,0.1958842445164919,0.0,0.0,0.0,0.0,0.0,61.597168445001444,3.4444444444444446,124,,,,,
0.0033,3.3792858123779297,4.16e-06,678509.0,770.75,752.0,809.0,0.0,770.75,752.0,809.0,0.7496249675750732,0.0002099871780956164,0.7496249675750732,0.00020998716354370117,0.0,0.10345635935664177,0.024094291497021914,0.0,0.0,0.0,0.0,0.0,59.187451870995574,3.4722222222222223,125,,,,,
0.0228,2.4995129108428955,4.128e-06,683749.0,765.0,752.0,796.0,0.0,765.0,752.0,796.0,0.5212637782096863,0.002092510461807251,0.5212637782096863,0.002092500450089574,0.0,0.08749717567116022,0.01569814747199416,0.0,0.0,0.0,0.0,0.0,47.086869226997806,3.5,126,,,,,
0.2866,4.427789211273193,4.096e-06,690831.0,1154.5,852.0,1800.0,0.25,939.3333740234375,852.0,1073.0,0.6536762714385986,0.2656375467777252,0.6536762714385986,0.2656375467777252,0.0,0.0784287080168724,0.19326893612742424,0.0,0.0,0.0,0.0,0.0,97.98082040100053,3.5277777777777777,127,,,,,
0.0048,5.217987537384033,4.0639999999999995e-06,696210.0,817.75,774.0,866.0,0.0,817.75,774.0,866.0,0.729316234588623,0.25838184356689453,0.729316234588623,0.25838184356689453,0.0,0.1374172456562519,0.04507430689409375,0.0,0.0,0.0,0.0,0.0,48.12396406500193,3.5555555555555554,128,,,,,
0.3457,5.721577167510986,4.032e-06,702425.0,983.75,756.0,1662.0,0.0,983.75,756.0,1662.0,0.7415199875831604,0.01642000675201416,0.7415199875831604,0.01642000675201416,0.0,0.07752287108451128,0.03405796457082033,0.0,0.0,0.0,0.0,0.0,115.54826070799754,3.5833333333333335,129,,,,,
0.1884,6.8843865394592285,4e-06,706617.0,570.0,359.0,833.0,0.0,570.0,359.0,833.0,0.5053099989891052,0.41399338841438293,0.5053099989891052,0.41399338841438293,0.0,0.10728234983980656,0.1507422775030136,0.0,0.0,0.0,0.0,0.0,45.95832292399791,3.611111111111111,130,,,,,
-0.0437,5.331315517425537,3.968e-06,711891.0,768.5,691.0,829.0,0.0,768.5,691.0,829.0,0.6717174649238586,0.14019957184791565,0.6717174649238586,0.14019957184791565,0.0,0.11380086280405521,0.05341895343735814,0.0,0.0,0.0,0.0,0.0,46.06770994899489,3.638888888888889,131,,,,,
0.0041,2.0088133811950684,3.936e-06,717181.0,756.5,750.0,763.0,0.0,756.5,750.0,763.0,0.5882387161254883,0.003636087290942669,0.5882387161254883,0.003636087290942669,0.0,0.07123275008052588,0.03538710903376341,0.0,0.0,0.0,0.0,0.0,42.356429706997005,3.6666666666666665,132,,,,,
0.1353,31.015548706054688,3.903999999999999e-06,722118.0,767.25,517.0,912.0,0.0,767.25,517.0,912.0,0.6108613014221191,0.14033925533294678,0.6108613014221191,0.14033924043178558,0.0,0.243182972073555,0.07418843451887369,0.0,0.0,0.0,0.0,0.0,50.79701002400179,3.6944444444444446,133,,,,,
0.0249,7.41019868850708,3.8719999999999995e-06,726186.0,552.0,461.0,731.0,0.0,552.0,461.0,731.0,0.559573769569397,0.02979283221065998,0.559573769569397,0.029792828485369682,0.0,0.1806000303477049,0.19589370861649513,0.0,0.0,0.0,0.0,0.0,40.618181173002085,3.7222222222222223,134,,,,,
0.0042,1.6362382173538208,3.84e-06,731417.0,757.75,754.0,769.0,0.0,757.75,754.0,769.0,0.9293400049209595,0.0,0.9293400049209595,0.0,1.0,0.10627449862658978,0.011000893544405699,0.0,0.0,0.0,0.0,0.0,43.921255755001766,3.75,135,,,,,
-0.026,5.019289970397949,3.808e-06,736664.0,743.75,699.0,771.0,0.0,743.75,699.0,771.0,0.8576700091362,0.1042366474866867,0.8576700091362,0.1042366474866867,0.0,0.10512083023786545,0.056599659845232964,0.0,0.0,0.0,0.0,0.0,43.53558436100138,3.7777777777777777,136,,,,,
-0.2005,5.877926349639893,3.7759999999999995e-06,741139.0,553.75,328.0,783.0,0.0,553.75,328.0,783.0,0.5280437469482422,0.028737787157297134,0.5280437469482422,0.028737768530845642,0.0,0.15194633044302464,0.17643863800913095,0.0,0.0,0.0,0.0,0.0,44.45450830700065,3.8055555555555554,137,,,,,
-0.0298,15.301291465759277,3.744e-06,746381.0,744.5,689.0,768.0,0.0,744.5,689.0,768.0,0.5449237823486328,0.06739982962608337,0.5449237823486328,0.06739982217550278,0.0,0.19354725629091263,0.03888653218746185,0.0,0.0,0.0,0.0,0.0,43.87073202800093,3.8333333333333335,138,,,,,
0.0017,0.1658884882926941,3.712e-06,750300.0,516.75,450.0,579.0,0.0,516.75,450.0,579.0,0.7779962420463562,2.5033950805664062e-06,0.7779962420463562,2.5033950805664062e-06,0.0,0.07895475625991821,0.0317341941408813,0.0,0.0,0.0,0.0,0.0,32.30509927699677,3.861111111111111,139,,,,,
-0.0799,3.668537139892578,3.68e-06,755904.0,858.0,411.0,1526.0,0.0,858.0,411.0,1526.0,0.4451737701892853,0.10635864734649658,0.4451737701892853,0.10635865479707718,0.0,0.1297396058216691,0.22734935162588954,0.0,0.0,0.0,0.0,0.0,83.39523044899761,3.888888888888889,140,,,,,
0.0011,2.8437795639038086,3.648e-06,761244.0,767.0,764.0,771.0,0.0,767.0,764.0,771.0,0.8813512325286865,0.08815281838178635,0.8813512325286865,0.08815281093120575,0.0,0.07895922474563122,0.024794539669528604,0.0,0.0,0.0,0.0,0.0,42.76275663300112,3.9166666666666665,141,,,,,
-0.0411,8.943496704101562,3.6159999999999998e-06,766315.0,719.75,595.0,784.0,0.0,719.75,595.0,784.0,0.6500837802886963,0.23258812725543976,0.6500837802886963,0.23258812725543976,0.0,0.12066259421408176,0.028496948070824146,0.0,0.0,0.0,0.0,0.0,44.26891862099728,3.9444444444444446,142,,,,,
-0.086,4.673752307891846,3.584e-06,771064.0,645.25,547.0,747.0,0.0,645.25,547.0,747.0,0.5229799747467041,0.09185408800840378,0.5229799747467041,0.09185408055782318,0.0,0.1379243414849043,0.10441221203655005,0.0,0.0,0.0,0.0,0.0,42.20952604499689,3.9722222222222223,143,,,,,
-0.0794,5.000515937805176,3.552e-06,776742.0,858.5,423.0,1800.0,0.25,544.6666870117188,423.0,610.0,0.4322412312030792,0.11425337195396423,0.4322412312030792,0.11425337195396423,0.0,0.1408568238839507,0.5029408410191536,0.0,0.0,0.0,0.0,0.0,99.5798780590012,4.0,144,,,,,
-0.0984,3.8346333503723145,3.5199999999999998e-06,781079.0,616.25,231.0,1097.0,0.0,616.25,231.0,1097.0,0.3651825189590454,0.000715002475772053,0.3651825189590454,0.0007149974699132144,0.0,0.09251777268946171,0.20827068760991096,0.0,0.0,0.0,0.0,0.0,60.853106980997836,4.027777777777778,145,,,,,
0.0014,2.9598772525787354,3.488e-06,786422.0,767.75,764.0,769.0,0.0,767.75,764.0,769.0,0.9268312454223633,0.005560167599469423,0.9268312454223633,0.005560167133808136,0.0,0.09351568855345249,0.01563400076702237,0.0,0.0,0.0,0.0,0.0,44.11065512300411,4.055555555555555,146,,,,,
0.0081,7.10066032409668,3.4559999999999996e-06,791715.0,757.25,746.0,763.0,0.0,757.25,746.0,763.0,0.5964287519454956,0.0016126338159665465,0.5964287519454956,0.001612624037079513,0.0,0.11574371717870235,0.015399575000628829,0.0,0.0,0.0,0.0,0.0,43.506835856002,4.083333333333333,147,,,,,
0.0612,4.139089584350586,3.4239999999999997e-06,797146.0,791.75,760.0,882.0,0.0,791.75,760.0,882.0,0.5566074848175049,0.06823499500751495,0.5566074848175049,0.06823498755693436,0.0,0.1075457027181983,0.05251740920357406,0.0,0.0,0.0,0.0,0.0,49.951607908998994,4.111111111111111,148,,,,,
-0.1169,3.3495218753814697,3.392e-06,803544.0,924.5,703.0,1016.0,0.0,924.5,703.0,1016.0,0.729458749294281,0.24746443331241608,0.729458749294281,0.24746443331241608,0.0,0.07216042745858431,0.05262318905442953,0.0,0.0,0.0,0.0,0.0,56.440982806005195,4.138888888888889,149,,,,,
0.304,3.7572929859161377,3.3599999999999996e-06,808946.0,883.5,592.0,1405.0,0.0,883.5,592.0,1405.0,0.6654312610626221,0.16034384071826935,0.6654312610626221,0.16034384071826935,0.0,0.0879599116742611,0.08547612931579351,0.0,0.0,0.0,0.0,0.0,78.08288119400095,4.166666666666667,150,,,,,
0.5527,7.923638343811035,3.3279999999999997e-06,814166.0,842.0,520.0,1800.0,0.25,522.6666870117188,520.0,528.0,0.5398725271224976,0.3520418405532837,0.5398725271224976,0.3520418405532837,0.0,0.14166172221302986,0.11312319058924913,0.0,0.0,0.0,0.0,0.0,100.4426436979993,4.194444444444445,151,,,,,
-0.0011,4.7928385734558105,3.296e-06,818403.0,594.25,519.0,727.0,0.0,594.25,519.0,727.0,0.5507999658584595,0.07526952028274536,0.5507999658584595,0.07526952028274536,0.0,0.07050887122750282,0.08565104100853205,0.0,0.0,0.0,0.0,0.0,41.86838041599913,4.222222222222222,152,,,,,
-0.0196,1.476625680923462,3.2639999999999996e-06,823166.0,647.75,614.0,747.0,0.0,647.75,614.0,747.0,0.567550003528595,0.00010392653348390013,0.567550003528595,0.00010392652620794252,0.0,0.07704267464578152,0.021874775644391775,0.0,0.0,0.0,0.0,0.0,42.91271697000411,4.25,153,,,,,
-0.0562,3.9668591022491455,3.232e-06,829543.0,921.25,721.0,995.0,0.0,921.25,721.0,995.0,0.6080612540245056,0.28804337978363037,0.6080612540245056,0.28804337978363037,0.0,0.0805020909756422,0.10518878046423197,0.0,0.0,0.0,0.0,0.0,56.708420005001244,4.277777777777778,154,,,,,
-0.2516,3.9238572120666504,3.2e-06,834128.0,596.25,185.0,766.0,0.0,596.25,185.0,766.0,0.5647624731063843,0.20753927528858185,0.5647624731063843,0.20753924548625946,0.0,0.09283960051834583,0.07050992362201214,0.0,0.0,0.0,0.0,0.0,44.16306011600318,4.305555555555555,155,,,,,
-0.0512,4.660400867462158,3.168e-06,839338.0,737.5,678.0,806.0,0.0,737.5,678.0,806.0,0.5201562643051147,0.03657665103673935,0.5201562643051147,0.036576658487319946,0.0,0.1055817510932684,0.2188424258492887,0.0,0.0,0.0,0.0,0.0,46.012719266000204,4.333333333333333,156,,,,,
0.0017,2.634108543395996,3.136e-06,844682.0,768.0,766.0,769.0,0.0,768.0,766.0,769.0,0.9101700186729431,0.0031384234316647053,0.9101700186729431,0.0031384143512696028,0.0,0.07306236308068037,0.011684399098157883,0.0,0.0,0.0,0.0,0.0,46.753214448002836,4.361111111111111,157,,,,,
0.0824,5.860621452331543,3.104e-06,849294.0,592.0,494.0,684.0,0.0,592.0,494.0,684.0,0.4292824864387512,0.0019145379774272442,0.4292824864387512,0.0019145379774272442,0.0,0.17865776643157005,0.2733549289405346,0.0,0.0,0.0,0.0,0.0,39.777378172999306,4.388888888888889,158,,,,,
-0.0114,3.162963628768921,3.072e-06,855072.0,849.5,827.0,863.0,0.0,849.5,827.0,863.0,0.7351662516593933,0.25193503499031067,0.7351662516593933,0.25193506479263306,0.0,0.04339617909863591,0.04680378129705787,0.0,0.0,0.0,0.0,0.0,49.47676976500588,4.416666666666667,159,,,,,
0.0711,3.7163589000701904,3.0399999999999997e-06,860448.0,729.0,670.0,829.0,0.0,729.0,670.0,829.0,0.7954150438308716,0.21746523678302765,0.7954150438308716,0.21746525168418884,0.0,0.10080564022064209,0.07483420521020889,0.0,0.0,0.0,0.0,0.0,47.66589662700426,4.444444444444445,160,,,,,
-0.1995,3.230412721633911,3.008e-06,867439.0,1281.75,754.0,1800.0,0.5,763.5,754.0,773.0,0.36321374773979187,0.040461279451847076,0.36321374773979187,0.040461283177137375,0.0,0.08557179104536772,0.4119291780516505,0.0,0.0,0.0,0.0,0.0,100.9032680900018,4.472222222222222,161,,,,,
0.0289,7.83274507522583,2.976e-06,873080.0,855.25,527.0,1321.0,0.0,855.25,527.0,1321.0,0.5800762176513672,0.007146869786083698,0.5800762176513672,0.007146869786083698,0.0,0.19709566980600357,0.5123923541978002,0.0,0.0,0.0,0.0,0.0,74.9502730200038,4.5,162,,,,,
-0.4121,6.840348243713379,2.9439999999999997e-06,878224.0,670.0,113.0,859.0,0.0,670.0,113.0,859.0,0.7070249915122986,0.2847000062465668,0.7070249915122986,0.2847000062465668,0.0,0.09820786165073514,0.021378980483859777,0.0,0.0,0.0,0.0,0.0,49.07283353000457,4.527777777777778,163,,,,,
0.0038,0.3963422477245331,2.912e-06,883512.0,752.0,737.0,766.0,0.0,752.0,737.0,766.0,0.7497299909591675,0.0,0.7497299909591675,0.0,1.0,0.09484017267823219,0.015854153316468,0.0,0.0,0.0,0.0,0.0,44.78211631500017,4.555555555555555,164,,,,,
-0.076,1.8959566354751587,2.88e-06,888506.0,706.5,588.0,747.0,0.0,706.5,588.0,747.0,0.6144399642944336,0.009648850187659264,0.6144399642944336,0.009648850187659264,0.0,0.0924555379897356,0.019210977014154196,0.0,0.0,0.0,0.0,0.0,43.41990383599841,4.583333333333333,165,,,,,
-0.489,5.188724517822266,2.8479999999999997e-06,894260.0,881.5,313.0,1800.0,0.25,575.3333740234375,313.0,854.0,0.5851125121116638,0.010386756621301174,0.5851125121116638,0.010386785492300987,0.0,0.10098371002823114,0.23315460793673992,0.0,0.0,0.0,0.0,0.0,101.56518477099598,4.611111111111111,166,,,,,
-0.0168,2.4423165321350098,2.816e-06,899349.0,727.25,701.0,765.0,0.0,727.25,701.0,765.0,0.5225124955177307,0.0004049837589263916,0.5225124955177307,0.0004049738054163754,0.0,0.1026319032534957,0.028672376181930304,0.0,0.0,0.0,0.0,0.0,44.138211981000495,4.638888888888889,167,,,,,
0.0892,3.374433994293213,2.7839999999999995e-06,905183.0,992.5,522.0,1590.0,0.0,992.5,522.0,1590.0,0.5666375160217285,0.2364758402109146,0.5666375160217285,0.2364758402109146,0.0,0.07323555089533329,0.11358662834390998,0.0,0.0,0.0,0.0,0.0,89.4813209099957,4.666666666666667,168,,,,,
0.0286,3.289233922958374,2.7519999999999997e-06,910095.0,706.0,614.0,744.0,0.0,706.0,614.0,744.0,0.5217925310134888,0.0010350048542022705,0.5217925310134888,0.0010349949588999152,0.0,0.10091967321932316,0.0286021470092237,0.0,0.0,0.0,0.0,0.0,42.55504753199784,4.694444444444445,169,,,,,
0.3437,8.018177032470703,2.7200000000000002e-06,916931.0,1075.0,820.0,1800.0,0.25,833.3333740234375,820.0,860.0,0.5607587099075317,0.37764257192611694,0.5607587099075317,0.37764257192611694,0.0,0.1679969783872366,0.07664568861946464,0.0,0.0,0.0,0.0,0.0,100.76664744499794,4.722222222222222,170,,,,,
0.0029,1.631734848022461,2.688e-06,922280.0,767.25,763.0,771.0,0.0,767.25,763.0,771.0,0.7496249675750732,0.0002099871780956164,0.7496249675750732,0.00020998716354370117,0.0,0.05629539489746094,0.02945326897315681,0.0,0.0,0.0,0.0,0.0,44.346030627999426,4.75,171,,,,,
0.0758,4.953950881958008,2.656e-06,927505.0,758.25,672.0,899.0,0.0,758.25,672.0,899.0,0.7274812459945679,0.19522331655025482,0.7274812459945679,0.19522331655025482,0.0,0.10879660677164793,0.17210587579756975,0.0,0.0,0.0,0.0,0.0,53.109080199003074,4.777777777777778,172,,,,,
0.3586,5.832005023956299,2.624e-06,933732.0,1086.75,576.0,1800.0,0.25,849.0,576.0,1290.0,0.47290003299713135,0.3250296115875244,0.47290003299713135,0.325029581785202,0.0,0.10846201330423355,0.28471275605261326,0.0,0.0,0.0,0.0,0.0,106.0890619569982,4.805555555555555,173,,,,,
0.2249,7.96345329284668,2.592e-06,939534.0,900.5,768.0,1296.0,0.0,900.5,768.0,1296.0,0.8118112683296204,0.2350575029850006,0.8118112683296204,0.2350575029850006,0.0,0.11100468598306179,0.07788759493269026,0.0,0.0,0.0,0.0,0.0,72.46056318100091,4.833333333333333,174,,,,,
0.1627,8.563970565795898,2.56e-06,944332.0,732.5,536.0,1088.0,0.0,732.5,536.0,1088.0,0.47771626710891724,0.10940016806125641,0.47771626710891724,0.10940016806125641,0.0,0.11000489024445415,0.1757011446170509,0.0,0.0,0.0,0.0,0.0,61.4944729150011,4.861111111111111,175,,,,,
0.0022,1.2839992046356201,2.5279999999999998e-06,948250.0,501.5,462.0,520.0,0.0,501.5,462.0,520.0,0.9954962730407715,2.5033950805664062e-06,0.9954962730407715,2.5033950805664062e-06,0.0,0.06644067820161581,0.04203689657151699,0.0,0.0,0.0,0.0,0.0,30.386948777995713,4.888888888888889,176,,,,,
0.0242,3.338040351867676,2.496e-06,952918.0,697.0,678.0,732.0,0.0,697.0,678.0,732.0,0.7384049892425537,0.2053259164094925,0.7384049892425537,0.2053259015083313,0.0,0.028759623528458178,0.029564426164142787,0.0,0.0,0.0,0.0,0.0,41.68602603699401,4.916666666666667,177,,,,,
0.1507,4.526586532592773,2.464e-06,957405.0,645.75,473.0,816.0,0.0,645.75,473.0,816.0,0.3913924992084503,0.26567527651786804,0.3913924992084503,0.26567527651786804,0.0,0.09502626582980156,0.10505434032529593,0.0,0.0,0.0,0.0,0.0,46.31329675700181,4.944444444444445,178,,,,,
0.0148,4.026368141174316,2.4319999999999998e-06,962659.0,765.5,701.0,806.0,0.0,765.5,701.0,806.0,0.7733399868011475,0.22450612485408783,0.7733399868011475,0.22450612485408783,0.0,0.08950737304985523,0.07226676470600069,0.0,0.0,0.0,0.0,0.0,46.01876558799995,4.972222222222222,179,,,,,
0.0571,4.040664196014404,2.4e-06,967510.0,685.75,616.0,796.0,0.0,685.75,616.0,796.0,0.704307496547699,0.27397552132606506,0.704307496547699,0.27397552132606506,0.0,0.09937588684260845,0.12084757816046476,0.0,0.0,0.0,0.0,0.0,45.46552693200283,5.0,180,,,,,
0.0984,5.296544551849365,2.3679999999999996e-06,972586.0,747.0,623.0,889.0,0.0,747.0,623.0,889.0,0.5169225335121155,0.010774999856948853,0.5169225335121155,0.010774989612400532,0.0,0.10336463712155819,0.09435639483854175,0.0,0.0,0.0,0.0,0.0,49.62375076600074,5.027777777777778,181,,,,,
0.03,2.3482954502105713,2.3359999999999997e-06,977809.0,755.75,709.0,821.0,0.0,755.75,709.0,821.0,0.9374737739562988,0.01075591892004013,0.9374737739562988,0.01075591892004013,0.0,0.09614446945488453,0.02159168035723269,0.0,0.0,0.0,0.0,0.0,46.08609976599837,5.055555555555555,182,,,,,
0.0036,1.6107789278030396,2.304e-06,983612.0,855.75,852.0,863.0,0.0,855.75,852.0,863.0,0.8583300113677979,0.01183481514453888,0.8583300113677979,0.01183481514453888,0.0,0.04569799639284611,0.016552158631384373,0.0,0.0,0.0,0.0,0.0,49.318332607999764,5.083333333333333,183,,,,,
0.0263,6.057112216949463,2.2719999999999996e-06,988870.0,764.5,672.0,854.0,0.0,764.5,672.0,854.0,0.713747501373291,0.18112453818321228,0.713747501373291,0.1811245232820511,0.0,0.10326524078845978,0.08538809791207314,0.0,0.0,0.0,0.0,0.0,48.61985935700068,5.111111111111111,184,,,,,
-0.0024,2.6313161849975586,2.24e-06,994001.0,740.75,736.0,747.0,0.0,740.75,736.0,747.0,0.614799976348877,0.002650023205205798,0.614799976348877,0.002650023205205798,0.0,0.07478758879005909,0.012976015917956829,0.0,0.0,0.0,0.0,0.0,42.111276630996144,5.138888888888889,185,,,,,
-0.0844,3.5162529945373535,2.2080000000000003e-06,999239.0,694.5,483.0,774.0,0.0,694.5,483.0,774.0,0.685286283493042,0.264224112033844,0.685286283493042,0.264224112033844,0.0,0.09079599566757679,0.07510742917656898,0.0,0.0,0.0,0.0,0.0,43.62903984400327,5.166666666666667,186,,,,,
0.0237,5.496463775634766,2.176e-06,1005946.0,1003.75,985.0,1046.0,0.0,1003.75,985.0,1046.0,0.8540112376213074,0.012287781573832035,0.8540112376213074,0.012287763878703117,0.0,0.08414300670847297,0.0292974638286978,0.0,0.0,0.0,0.0,0.0,58.60396146199855,5.194444444444445,187,,,,,
0.1213,4.873189926147461,2.144e-06,1010655.0,622.25,542.0,790.0,0.0,622.25,542.0,790.0,0.5870150327682495,0.014215248636901379,0.5870150327682495,0.014215247705578804,0.0,0.0907147154211998,0.03757195686921477,0.0,0.0,0.0,0.0,0.0,44.75401998400048,5.222222222222222,188,,,,,
0.5607,5.78790807723999,2.112e-06,1015909.0,850.5,518.0,1800.0,0.25,534.0,518.0,564.0,0.5820149779319763,0.39196333289146423,0.5820149779319763,0.39196333289146423,0.0,0.06859826296567917,0.057130951434373856,0.0,0.0,0.0,0.0,0.0,99.1565876159948,5.25,189,,,,,
0.1187,4.027956008911133,2.08e-06,1022894.0,1279.25,794.0,1800.0,0.25,1105.666748046875,794.0,1311.0,0.12252625823020935,0.3619113266468048,0.12252625823020935,0.3619112968444824,0.0,0.12435661256313324,0.2697936221957207,0.0,0.0,0.0,0.0,0.0,98.15226430599796,5.277777777777778,190,,,,,
0.3688,3.268301248550415,2.048e-06,1029646.0,1212.0,569.0,1800.0,0.5,624.0,569.0,679.0,0.5330425500869751,0.15768441557884216,0.5330425500869751,0.15768441557884216,0.0,0.05973553005605936,0.2620272315107286,0.0,0.0,0.0,0.0,0.0,97.40750824200222,5.305555555555555,191,,,,,
0.002,2.664757251739502,2.016e-06,1034985.0,766.75,764.0,769.0,0.0,766.75,764.0,769.0,0.929069995880127,0.00159354112111032,0.929069995880127,0.001593541237525642,0.0,0.08200815692543983,0.014809438143856823,0.0,0.0,0.0,0.0,0.0,43.389628470999014,5.333333333333333,192,,,,,
-0.0211,5.219027996063232,1.984e-06,1040071.0,706.5,577.0,785.0,0.0,706.5,577.0,785.0,0.523169994354248,0.08432746678590775,0.523169994354248,0.08432745188474655,0.0,0.08528022654354572,0.0792746776714921,0.0,0.0,0.0,0.0,0.0,43.886440612001024,5.361111111111111,193,,,,,
0.0011,2.9931247234344482,1.9519999999999997e-06,1045575.0,806.0,766.0,852.0,0.0,806.0,766.0,852.0,0.7487287521362305,0.002002507448196411,0.7487287521362305,0.002002497436478734,0.0,0.055602203123271465,0.024040376069024205,0.0,0.0,0.0,0.0,0.0,47.65438912600075,5.388888888888889,194,,,,,
0.0024,4.085205554962158,1.92e-06,1050898.0,764.75,762.0,767.0,0.0,764.75,762.0,767.0,0.5972499847412109,0.0,0.5972499847412109,0.0,1.0,0.06057737674564123,0.010483501944690943,0.0,0.0,0.0,0.0,0.0,43.534783956001775,5.416666666666667,195,,,,,
0.0007,0.12797436118125916,1.8879999999999998e-06,1057724.0,1090.5,850.0,1800.0,0.25,854.0,850.0,857.0,0.8493750095367432,0.0,0.8493750095367432,0.0,1.0,0.016353338724002242,0.017545244423672557,0.0,0.0,0.0,0.0,0.0,99.4852835160018,5.444444444444445,196,,,,,
0.1664,6.40855598449707,1.856e-06,1061857.0,566.25,449.0,753.0,0.0,566.25,449.0,753.0,0.5246450304985046,0.0955900102853775,0.5246450304985046,0.0955900028347969,0.0,0.037925553042441607,0.08563414542004466,0.0,0.0,0.0,0.0,0.0,42.30656509699838,5.472222222222222,197,,,,,
-0.0232,32.858768463134766,1.824e-06,1066450.0,591.25,435.0,783.0,0.0,591.25,435.0,783.0,0.5736162662506104,0.02704436704516411,0.5736162662506104,0.027044370770454407,0.0,0.18641570210456848,0.08006868790835142,0.0,0.0,0.0,0.0,0.0,44.20965288699517,5.5,198,,,,,
-0.4448,6.314039707183838,1.792e-06,1072394.0,943.0,614.0,1800.0,0.25,657.3333740234375,614.0,744.0,0.5710150003433228,0.006749987602233887,0.5710150003433228,0.006749987602233887,0.0,0.06539634615182877,0.17290038848295808,0.0,0.0,0.0,0.0,0.0,98.29708031499831,5.527777777777778,199,,,,,
0.2171,3.307562828063965,1.7599999999999999e-06,1078843.0,1144.25,655.0,1800.0,0.25,925.6666870117188,655.0,1226.0,0.43187499046325684,0.13267000019550323,0.43187499046325684,0.13267001509666443,0.0,0.10486610140651464,0.1834318581968546,0.0,0.0,0.0,0.0,0.0,97.40281269800107,5.555555555555555,200,,,,,
-0.0909,3.581482172012329,1.7279999999999998e-06,1083895.0,718.0,582.0,765.0,0.0,718.0,582.0,765.0,0.5161237716674805,0.013992488384246826,0.5161237716674805,0.013992488384246826,0.0,0.07832242827862501,0.030242665437981486,0.0,0.0,0.0,0.0,0.0,42.925406820995704,5.583333333333333,201,,,,,
-0.3479,4.374699592590332,1.696e-06,1088110.0,492.75,58.0,675.0,0.0,492.75,58.0,675.0,0.5291124582290649,0.2126430869102478,0.5291124582290649,0.2126430869102478,0.0,0.12637479417026043,0.14338971069082618,0.0,0.0,0.0,0.0,0.0,37.8636404439967,5.611111111111111,202,,,,,
0.118,3.2595443725585938,1.6639999999999999e-06,1093014.0,699.0,631.0,860.0,0.0,699.0,631.0,860.0,0.8949637413024902,0.10310250520706177,0.8949637413024902,0.10310250520706177,0.0,0.07133582327514887,0.03354868944734335,0.0,0.0,0.0,0.0,0.0,47.82375054399745,5.638888888888889,203,,,,,
0.0027,1.348562240600586,1.6319999999999998e-06,1098366.0,872.0,871.0,875.0,0.0,872.0,871.0,875.0,0.9127137660980225,0.01406252384185791,0.9127137660980225,0.01406252384185791,0.0,0.024765209294855595,0.01370675815269351,0.0,0.0,0.0,0.0,0.0,49.096334677000414,5.666666666666667,204,,,,,
-0.027,3.869579553604126,1.6e-06,1102952.0,676.5,639.0,689.0,0.0,676.5,639.0,689.0,0.7488762140274048,0.2474774867296219,0.7488762140274048,0.2474774718284607,0.0,0.018145794747397304,0.03796606056857854,0.0,0.0,0.0,0.0,0.0,38.74970316699546,5.694444444444445,205,,,,,
0.294,4.784807205200195,1.568e-06,1109014.0,949.5,764.0,1504.0,0.0,949.5,764.0,1504.0,0.5268087387084961,0.12783250212669373,0.5268087387084961,0.12783250212669373,0.0,0.05443959962576628,0.05165384919382632,0.0,0.0,0.0,0.0,0.0,82.81393416399806,5.722222222222222,206,,,,,
-0.2256,3.6281707286834717,1.536e-06,1114034.0,789.0,398.0,1717.0,0.0,789.0,398.0,1717.0,0.32889124751091003,0.22875656187534332,0.32889124751091003,0.22875654697418213,0.0,0.05025744065642357,0.127151133492589,0.0,0.0,0.0,0.0,0.0,93.7626476459991,5.75,207,,,,,
0.0284,3.0915896892547607,1.504e-06,1119426.0,780.0,763.0,819.0,0.0,780.0,763.0,819.0,0.7986375093460083,0.22560326755046844,0.7986375093460083,0.22560326755046844,0.0,0.08541773445904255,0.03296540444716811,0.0,0.0,0.0,0.0,0.0,46.20354972699715,5.777777777777778,208,,,,,
-0.0448,2.971041440963745,1.4719999999999998e-06,1125853.0,931.75,777.0,986.0,0.0,931.75,777.0,986.0,0.6089725494384766,0.29147157073020935,0.6089725494384766,0.29147154092788696,0.0,0.06301286444067955,0.024684670148417354,0.0,0.0,0.0,0.0,0.0,55.225037109998084,5.805555555555555,209,,,,,
0.1016,5.2737040519714355,1.44e-06,1130788.0,763.75,512.0,1185.0,0.0,763.75,512.0,1185.0,0.5051249861717224,0.3425659239292145,0.5051249861717224,0.3425659239292145,0.0,0.07561050076037645,0.24066756572574377,0.0,0.0,0.0,0.0,0.0,66.5321603079974,5.833333333333333,210,,,,,
0.34,5.714237213134766,1.408e-06,1135136.0,622.0,414.0,1047.0,0.0,622.0,414.0,1047.0,0.5662424564361572,0.07965022325515747,0.5662424564361572,0.07965023815631866,0.0,0.07706719124689698,0.12695905566215515,0.0,0.0,0.0,0.0,0.0,57.83718888400108,5.861111111111111,211,,,,,
-0.0087,2.5384647846221924,1.3759999999999998e-06,1140115.0,696.75,637.0,771.0,0.0,696.75,637.0,771.0,0.8695312738418579,0.08062417060136795,0.8695312738418579,0.08062417805194855,0.0,0.0643996549770236,0.02237480436451733,0.0,0.0,0.0,0.0,0.0,43.426962204997835,5.888888888888889,212,,,,,
0.0015,0.17306683957576752,1.344e-06,1144026.0,499.75,468.0,511.0,0.0,499.75,468.0,511.0,0.9954975247383118,2.8906715670018457e-06,0.9954975247383118,2.8906715670018457e-06,0.0,0.049808853305876255,0.0183480316773057,0.0,0.0,0.0,0.0,0.0,29.221571434998623,5.916666666666667,213,,,,,
0.0022,1.8126976490020752,1.312e-06,1149284.0,766.5,765.0,769.0,0.0,766.5,765.0,769.0,0.9591299891471863,0.00027000904083251953,0.9591299891471863,0.00027000904083251953,0.0,0.048254307359457016,0.010471348534338176,0.0,0.0,0.0,0.0,0.0,43.08195890200295,5.944444444444445,214,,,,,
-0.102,2.680046319961548,1.28e-06,1154927.0,776.75,718.0,942.0,0.0,776.75,718.0,942.0,0.7906912565231323,0.09152252227067947,0.7906912565231323,0.09152249991893768,0.0,0.10334545001387596,0.026519653387367725,0.0,0.0,0.0,0.0,0.0,52.32665053600431,5.972222222222222,215,,,,,
-0.002,3.532180070877075,1.248e-06,1160265.0,764.5,758.0,768.0,0.0,764.5,758.0,768.0,0.6783637404441833,0.14273250102996826,0.6783637404441833,0.14273250102996826,0.0,0.05579228047281504,0.012935597682371736,0.0,0.0,0.0,0.0,0.0,43.08483339199665,6.0,216,,,,,
0.1455,2.937784433364868,1.2159999999999999e-06,1166542.0,1004.25,731.0,1752.0,0.0,1004.25,731.0,1752.0,0.5272675156593323,0.029270563274621964,0.5272675156593323,0.029270563274621964,0.0,0.060642704367637634,0.11636775080114603,0.0,0.0,0.0,0.0,0.0,97.00302716700389,6.027777777777778,217,,,,,
-0.0077,4.395641803741455,1.1839999999999998e-06,1172283.0,840.25,823.0,861.0,0.0,840.25,823.0,861.0,0.7319337725639343,0.2498466670513153,0.7319337725639343,0.2498466521501541,0.0,0.06914588715881109,0.04168116953223944,0.0,0.0,0.0,0.0,0.0,48.86784024000008,6.055555555555555,218,,,,,
0.342,19.7158145904541,1.152e-06,1176404.0,560.25,272.0,1001.0,0.0,560.25,272.0,1001.0,0.49620747566223145,0.35679325461387634,0.49620747566223145,0.35679322481155396,0.0,0.20694072637706995,0.4310926692560315,0.0,0.0,0.0,0.0,0.0,55.96507498700521,6.083333333333333,219,,,,,
0.1932,7.171929359436035,1.12e-06,1181765.0,785.25,548.0,1055.0,0.0,785.25,548.0,1055.0,0.5977100133895874,0.012345250695943832,0.5977100133895874,0.01234524603933096,0.0,0.08072461001574993,0.1853921706788242,0.0,0.0,0.0,0.0,0.0,58.329789627001446,6.111111111111111,220,,,,,
0.0019,4.521481513977051,1.088e-06,1188384.0,981.75,980.0,983.0,0.0,981.75,980.0,983.0,0.8615137338638306,0.00011250377428950742,0.8615137338638306,0.00011251369869569317,0.0,0.04785602493211627,0.011982358759269118,0.0,0.0,0.0,0.0,0.0,54.7180335439989,6.138888888888889,221,,,,,
-0.0195,3.593395471572876,1.056e-06,1193448.0,716.0,674.0,746.0,0.0,716.0,674.0,746.0,0.84763503074646,0.07068154215812683,0.84763503074646,0.07068154215812683,0.0,0.06749442685395479,0.026753167621791363,0.0,0.0,0.0,0.0,0.0,41.97891724799774,6.166666666666667,222,,,,,
0.0271,3.9330227375030518,1.024e-06,1198164.0,618.0,406.0,837.0,0.0,618.0,406.0,837.0,0.5503962635993958,0.15088734030723572,0.5503962635993958,0.1508873552083969,0.0,0.09671369334682822,0.09953510481864214,0.0,0.0,0.0,0.0,0.0,46.338303370001086,6.194444444444445,223,,,,,
0.1352,3.7257332801818848,9.92e-07,1203864.0,959.0,871.0,1222.0,0.0,959.0,871.0,1222.0,0.782384991645813,0.21252353489398956,0.782384991645813,0.21252353489398956,0.0,0.035558529663830996,0.04677163157612085,0.0,0.0,0.0,0.0,0.0,67.19202955400397,6.222222222222222,224,,,,,
-0.087,32.12644577026367,9.6e-07,1209085.0,690.25,554.0,759.0,0.0,690.25,554.0,759.0,0.8000112771987915,0.23026999831199646,0.8000112771987915,0.23026998341083527,0.0,0.27281603403389454,0.0929455254226923,0.0,0.0,0.0,0.0,0.0,42.5483206079989,6.25,225,,,,,
0.0028,0.7918195724487305,9.28e-07,1214437.0,770.0,769.0,773.0,0.0,770.0,769.0,773.0,0.9313650131225586,0.0,0.9313650131225586,0.0,1.0,0.06948695238679647,0.01122853602282703,0.0,0.0,0.0,0.0,0.0,42.90953498499948,6.277777777777778,226,,,,,
-0.0693,3.644325017929077,8.96e-07,1219638.0,730.25,626.0,767.0,0.0,730.25,626.0,767.0,0.6782824993133545,0.14289499819278717,0.6782824993133545,0.14289499819278717,0.0,0.052571057341992855,0.014497291762381792,0.0,0.0,0.0,0.0,0.0,42.650267558998166,6.305555555555555,227,,,,,
0.0002,0.001472942647524178,8.639999999999999e-07,1224274.0,689.0,689.0,689.0,0.0,689.0,689.0,689.0,0.8726149797439575,0.0,0.8726149797439575,0.0,1.0,0.00521624437533319,0.0048105292953550816,0.0,0.0,0.0,0.0,0.0,38.916885027996614,6.333333333333333,228,,,,,
-0.0042,3.6788883209228516,8.319999999999999e-07,1229501.0,758.75,700.0,803.0,0.0,758.75,700.0,803.0,0.7126312255859375,0.2831859588623047,0.7126312255859375,0.2831859588623047,0.0,0.10666886065155268,0.0715165485162288,0.0,0.0,0.0,0.0,0.0,44.26977361300305,6.361111111111111,229,,,,,
-0.0533,4.348531246185303,8e-07,1233345.0,498.0,442.0,521.0,0.0,498.0,442.0,521.0,0.7262474894523621,0.10350167751312256,0.7262474894523621,0.10350167751312256,0.0,0.073024220764637,0.0751086981035769,0.0,0.0,0.0,0.0,0.0,29.394624550001026,6.388888888888889,230,,,,,
0.0596,4.02225923538208,7.68e-07,1238318.0,716.25,636.0,821.0,0.0,716.25,636.0,821.0,0.7928637266159058,0.2258576601743698,0.7928637266159058,0.2258576601743698,0.0,0.07674543000757694,0.05004133656620979,0.0,0.0,0.0,0.0,0.0,45.12058135299958,6.416666666666667,231,,,,,
0.0086,3.1512579917907715,7.359999999999999e-07,1242183.0,488.25,468.0,522.0,0.0,488.25,468.0,522.0,0.9679325222969055,0.055125001817941666,0.9679325222969055,0.05512499436736107,0.0,0.043555411510169506,0.026840173173695803,0.0,0.0,0.0,0.0,0.0,29.116029102999164,6.444444444444445,232,,,,,
0.0735,5.641388416290283,7.04e-07,1246358.0,486.75,348.0,549.0,0.0,486.75,348.0,549.0,0.5827575325965881,0.018604876473546028,0.5827575325965881,0.018604887649416924,0.0,0.0920611247420311,0.05635019578039646,0.0,0.0,0.0,0.0,0.0,30.902196814997296,6.472222222222222,233,,,,,
0.292,3.4083056449890137,6.72e-07,1252390.0,1042.0,533.0,1800.0,0.25,789.3333740234375,533.0,1218.0,0.440333753824234,0.07680264115333557,0.440333753824234,0.07680264860391617,0.0,0.06923441123217344,0.22451381757855415,0.0,0.0,0.0,0.0,0.0,100.05692628399993,6.5,234,,,,,
-0.0557,7.543687343597412,6.4e-07,1256950.0,618.0,540.0,739.0,0.0,618.0,540.0,739.0,0.4001299738883972,0.22641748189926147,0.4001299738883972,0.22641746699810028,0.0,0.10970853827893734,0.06702296901494265,0.0,0.0,0.0,0.0,0.0,48.87004753099973,6.527777777777778,235,,,,,
0.0781,2.823441743850708,6.079999999999999e-07,1262130.0,830.0,428.0,1407.0,0.0,830.0,428.0,1407.0,0.5761424899101257,0.046067483723163605,0.5761424899101257,0.04606746509671211,0.0,0.046521231066435575,0.0844762772321701,0.0,0.0,0.0,0.0,0.0,77.98187701499046,6.555555555555555,236,,,,,
0.0018,0.24688981473445892,5.76e-07,1267493.0,770.75,767.0,774.0,0.0,770.75,767.0,774.0,0.7497299909591675,0.0,0.7497299909591675,0.0,1.0,0.04567399434745312,0.011092124041169882,0.0,0.0,0.0,0.0,0.0,43.849382314998365,6.583333333333333,237,,,,,
0.0483,4.234874725341797,5.44e-07,1272587.0,731.5,621.0,812.0,0.0,731.5,621.0,812.0,0.5678550004959106,0.08140132576227188,0.5678550004959106,0.08140131831169128,0.0,0.08573026861995459,0.027726488653570414,0.0,0.0,0.0,0.0,0.0,45.39150062599583,6.611111111111111,238,,,,,
-0.0403,3.332249879837036,5.12e-07,1277849.0,749.5,686.0,782.0,0.0,749.5,686.0,782.0,0.5591899752616882,0.07611998915672302,0.5591899752616882,0.07612000405788422,0.0,0.05070947762578726,0.036742938216775656,0.0,0.0,0.0,0.0,0.0,44.00213759599865,6.638888888888889,239,,,,,
-0.006,1.9173134565353394,4.8e-07,1283787.0,868.5,855.0,909.0,0.0,868.5,855.0,909.0,0.8489025235176086,0.0009450018405914307,0.8489025235176086,0.0009449918870814145,0.0,0.026128817349672318,0.017171664163470268,0.0,0.0,0.0,0.0,0.0,50.20623594999779,6.666666666666667,240,,,,,
0.0578,6.463680267333984,4.48e-07,1289479.0,955.0,793.0,1055.0,0.0,955.0,793.0,1055.0,0.5531175136566162,0.1520860642194748,0.5531175136566162,0.1520860642194748,0.0,0.13233792688697577,0.24059138260781765,0.0,0.0,0.0,0.0,0.0,57.66356137599723,6.694444444444445,241,,,,,
-0.134,2.7952942848205566,4.1599999999999997e-07,1295797.0,904.5,647.0,1002.0,0.0,904.5,647.0,1002.0,0.6954587697982788,0.23645877838134766,0.6954587697982788,0.23645879328250885,0.0,0.04648276977241039,0.06177342846058309,0.0,0.0,0.0,0.0,0.0,55.574010576994624,6.722222222222222,242,,,,,
0.4204,5.61391019821167,3.84e-07,1301305.0,910.0,587.0,1753.0,0.0,910.0,587.0,1753.0,0.39582622051239014,0.34710100293159485,0.39582622051239014,0.34710097312927246,0.0,0.06174038164317608,0.09812773205339909,0.0,0.0,0.0,0.0,0.0,96.48698862700257,6.75,243,,,,,
0.0027,2.3467600345611572,3.52e-07,1306653.0,769.0,769.0,769.0,0.0,769.0,769.0,769.0,0.9140287637710571,0.0013724863529205322,0.9140287637710571,0.0013724962482228875,0.0,0.06669165752828121,0.00901550950948149,0.0,0.0,0.0,0.0,0.0,43.231878618003975,6.777777777777778,244,,,,,
0.5342,6.67465353012085,3.2e-07,1311812.0,813.75,412.0,1800.0,0.25,485.0,412.0,574.0,0.6029812693595886,0.14388906955718994,0.6029812693595886,0.14388906955718994,0.0,0.07159383408725262,0.10753804305568337,0.0,0.0,0.0,0.0,0.0,96.78199637099897,6.805555555555555,245,,,,,
-0.0011,1.8196040391921997,2.88e-07,1317089.0,769.25,764.0,773.0,0.0,769.25,764.0,773.0,0.9288787841796875,0.004761687945574522,0.9288787841796875,0.00476167444139719,0.0,0.05158000439405441,0.012730274582281709,0.0,0.0,0.0,0.0,0.0,42.37872136999795,6.833333333333333,246,,,,,
0.0107,3.4405810832977295,2.56e-07,1322262.0,748.25,725.0,765.0,0.0,748.25,725.0,765.0,0.5219612121582031,0.0018180565675720572,0.5219612121582031,0.0018180564511567354,0.0,0.07046893332153559,0.0224884538911283,0.0,0.0,0.0,0.0,0.0,42.02486540400423,6.861111111111111,247,,,,,
0.0374,3.5311834812164307,2.24e-07,1327219.0,691.25,636.0,745.0,0.0,691.25,636.0,745.0,0.9206099510192871,0.017056850716471672,0.9206099510192871,0.017056845128536224,0.0,0.0908135361969471,0.02018364891409874,0.0,0.0,0.0,0.0,0.0,40.8164753930032,6.888888888888889,248,,,,,
0.0044,2.2265045642852783,1.92e-07,1332550.0,766.75,765.0,770.0,0.0,766.75,765.0,770.0,0.5900274515151978,0.0013950169086456299,0.5900274515151978,0.0013950268039479852,0.0,0.062155948020517826,0.01435282756574452,0.0,0.0,0.0,0.0,0.0,42.26047795600243,6.916666666666667,249,,,,,
0.0098,3.0628700256347656,1.6e-07,1337190.0,617.0,613.0,626.0,0.0,617.0,613.0,626.0,0.5401425361633301,0.05499500408768654,0.5401425361633301,0.05499500408768654,0.0,0.06271337252110243,0.02704249368980527,0.0,0.0,0.0,0.0,0.0,35.54181441899709,6.944444444444445,250,,,,,
,,,,,,,,,,,,,,,,,,,,,,,,6.944444444444445,250,15382.4885,0.065,0.016,0.0,0.05063972200720109
